episode,total_reward,total_clicks,total_impressions,CTR
1,-5.595707233561546,5,10,0.5
2,-9.111156220373708,2,2,1.0
3,0.9130509237803704,11,58,0.1896551724137931
4,-8.669581966826343,2,5,0.4
5,-10.90927505493164,1,5,0.2
6,-7.278224632952895,4,22,0.18181818181818182
7,-5.156324794784979,5,19,0.2631578947368421
8,-11.87482738494873,1,1,1.0
9,-5.1701299381756725,5,13,0.38461538461538464
10,-7.145379037895982,3,5,0.6
